INSERT INTO types(id, name) VALUES (1, "BREAKFAST"),
                                   (2, "STARTER"),
                                   (3, "MAIN_MEAL"),
                                   (4, "DESERT"),
                                   (5, "SALAD"),
                                   (6, "SOUP"),
                                   (7, "PASTA"),
                                   (8, "SANDWICHES"),
                                   (9, "SEAFOOD");

INSERT INTO roles(id, role) VALUES (1, "USER"),
                                   (2, "MODERATOR"),
                                   (3, "ADMIN");


INSERT INTO users(id, email, first_name, last_name, password, username, account_verified) VALUES
                                                                            (1, "pesho@gmail.com", "Peter", "Petrov", "f0e98959a250b665387e5aa6fa3a3e809105d3e58fde44b43595226285a22e0ce2984efe2fe1b16a", "pesho94", true),
                                                                            (2, "user@example.com", "User", "Userov", "f0e98959a250b665387e5aa6fa3a3e809105d3e58fde44b43595226285a22e0ce2984efe2fe1b16a", "user", true),
                                                                            (3, "admin@example.com", "Admin", "Adminov", "f0e98959a250b665387e5aa6fa3a3e809105d3e58fde44b43595226285a22e0ce2984efe2fe1b16a", "admin", true);


INSERT INTO users_roles(user_entity_id, roles_id) VALUES
                                                      (1, 1), (2, 1), (3, 1), (3, 3);




INSERT INTO recipes(id, category, description, level, name, portions, products, time_needed, video_url, author_id)
VALUES (1, "VEGETARIAN", "Половината от кокосовите стърготини се слагат в сух тиган и леко се запичат. Заливат се със 100 мл прясно мляко и се кипва.

Стърготините се оставят да изстинат след което се прецеждат през фина цедка като хубаво се притискат за да се използва ароматизираното прясно мляко.

Сладкарската сметана се разбива на сняг. Белия шоколад се смесва със заквасената сметана и се разбива заедно с прецеденото прясно мляко с вкус на кокос.

Подправя се с лимонова есенция и ванилова захар и се слага при разбитата сладкарска сметана. Размесва се добре.

В квадратна тавичка се нанася фин пласт от крема. В останалто прясно мляко се потапят няколко биквити и редят на дъното. Покриват се с крем, върху тях се слага нов ред напоени с мляко бисквити, крем, отново се слагат бисквитии накрая се намазва с крем.

Покрива се с останалите кокосови стърготини и декорира с разбита сметана. Прстоява 6 часа в хладилник и е готова за нарязване.", "MEDIUM",
        "Торта Рафаело", 8, "500 гр бисквити
400 мл сладкарска сметана
400 гр заквасена сметана
200 гр кокосови стърготини
250 мл прясно мляко
1/2 капсула лимонова есенция
1 ч.л. ванилова захар
200 гр бял течен шоколад", 45, "https://www.youtube.com/watch?v=V5skASvolPw&t=1s", 1);


INSERT INTO recipes_types(recipe_entity_id, types_id) values (1, 4);




INSERT INTO recipes(id, category, description, level, name, portions, products, time_needed, video_url, author_id)
VALUES (2, "VEGETARIAN", "Млечният шоколад се стопява на водна баня. Когато е разтопен се наливат 100 мл топло прясно мляко и се разбъркват.

Белият шоколад се стопява на водна баня и залива със 100 мл. топло мляко, разбърква се добре.

Сметаната се разбива на мек сняг. Към нея се добавя сирене маскарпоне, ванилова захар и на ниски обороти с миксер се разбива добре.

Останалото прясно мляко се затопля до 35 градуса и смесва със “Бейлис”-сметаново уиски.

В него се топят за кратко какаови бисквити, които се редят на дъното на правоъглъна тавичка с размер 30Х20см.

Покриват се с 1/3 от стопения бял шоколад.

Върху него се нанася 1/3 от сметаната с маскарпоне.

Отгоре се редят бели бисквити, които се топят в прясното мляко. Нанася се върху тях 1/3 от млечния шоколад, 1/3 сметана с маскарпоне и отново се редят какаови бисквити потопени в мляко.

Процесите се повтарят, докато се изчерпят продуктите, като последния пласт е от сметана с маскарпоне, млечен шоколад и с лъжица се правят ивици бял шоколад за декорация.

Тортата се оставя в хладилник покрита с фолио за една вечер, за да стегне. Нарязва се и поднася.",

        "MEDIUM",
        "Бисквитена торта", 8,
        "1 пак. обикновени бисквити от 200 гр
        1 пак. какаови бисквити от 200 гр
        250 гр. Маскарпоне
        250 мл. ледено студена сладкарска сметана
        300 мл. прясно мляко
        2 с.л. сметаново уиски - Baileys
        150 гр. млечен шоколад /натурален/
        150 гр. бял шоколад
        2 с.л. пудра захар
        1 капсула ванилова есенция", 60, "https://www.youtube.com/watch?v=3TLXmN1165c", 1);


INSERT INTO recipes_types(recipe_entity_id, types_id) values (2, 4);



INSERT INTO recipes(id, category, description, level, name, portions, products, time_needed, video_url, author_id)
VALUES (3, "VEGETARIAN", "Яйцата се слагат в купа и разбиват на високи обороти с миксер докато станат на пяна. Тогава се слага захар и разбиването продължава за 3 минути.

Бадемите се мелят с чопър на ситно. Половината се слагат в купичка.

Брашното се пресява в купа и смесва с бакпулвер и какао. Разбърква се.

Слага се при яйцата, налива се прясно мляко и олио и се разбърква добре на ниски обороти с миксер.

Подправя се с ванилова есенция и разбърква за кратко. Слагат се и половината смлените бадеми и размесват добре.

Сместа се сипва в кръгла форма с диаметър 24 см. Поръсва се с останалите бадеми и слага да се изпече в предварително затоплена фурна на 180 ℃ за 40 минути.",

        "EASY",
        "Кекс с бадеми", 8,
        "300 гр  брашно
        4 яйца
        1 ч.ч. прясно мляко - 180 мл
        2 ч.ч. захар - 200 гр
        2 ч.л. бакпулвер
        1 капсула ванилова есенция
        1/2 ч.ч. олио - 80 мл
        100 г  бадеми
        1 ч.л. какао", 70, "https://www.youtube.com/watch?v=QvE5_qFmT-c", 1);


INSERT INTO recipes_types(recipe_entity_id, types_id) values (3, 4);



INSERT INTO recipes(id, category, description, level, name, portions, products, time_needed, video_url, author_id)
VALUES (4, "VEGETARIAN", "Содата се разбърква с киселото мляко и оставя за минута.

Яйцата се смесват със захарта и се разбиват за минута с миксер. Смесват се с кисело мляко и лимонов сок. Добавя се и ванилия.

Хубаво се размесват и постепенно се прибавя брашно, С дървена лъжица се размесва добре.

Загряват се 3 чаши олио в дълбок тиган. С лъжица се взема от сместа и се слага да се пържи за 3-4 минути, като бухтичките се обръщат един или дава пъти.

След като добият златисто -кафяв цвят се изваждат и слагат на салфетка. Ако се пържи във фритюрник температурата е 160 ℃ .

Изпържените бухти се поръсват с пудра захар.",

        "EASY",
        "Сухиндолски бухти", 18,
        "2 яйца
        2 1/2 ч. ч. брашно - около 350 гр
        1 ч. ч. кисело мляко - 200 гр
        1 к. ч. захар
        1 ч. л. сода бикарбонат
        1/2 капсула ванилова есенция
        1/4 ч.л. лимонов сок
        половин чаша пудра захар за поръсване
        олио за пържене", 15, "https://www.youtube.com/watch?v=NHiTn44BSkQ", 1);


INSERT INTO recipes_types(recipe_entity_id, types_id) values (4, 4);
INSERT INTO recipes_types(recipe_entity_id, types_id) values (4, 1);


INSERT INTO recipes(id, category, description, level, name, portions, products, time_needed, video_url, author_id)
VALUES (5, "VEGAN", "Бобът се накисва във вода и престoява едно денонощие. След това се залива с нова вода и след като заври тя се излива, залива се с 3 литра студена вода и вари докато стане готов.

Сварения боб се отцежда и слага в тава.  боб се отцежда и слага в тава.

Лукът се наситнява, а моркова се реже на колелца. слагат се при боба заедно с всички останали продукти.

Залива се с 1 литър от водата на боба, разбърква се добре.

Пече се 1 час във фурна на 150 ℃.",

        "HARD",
        "Печен боб", 4,
        "300 г боб
        1 ч. л. сол
        1 ч. л. риган
        1 с. л. горчица
        1 с. л. пудра захар
        1 с. л. сос ''Уорчестър''
        1 с. л. сос ''Уорчестър''
        2 с. л. ябълков оцет
        5 с. л. кетчуп
        1 морков
        1 глава лук
        1/2 ч.л. сушен чесън", 90, "https://www.youtube.com/watch?v=EMQJpXxytB8", 2);


INSERT INTO recipes_types(recipe_entity_id, types_id) values (5, 3);



INSERT INTO recipes(id, category, description, level, name, portions, products, time_needed, video_url, author_id)
VALUES (6, "WITH_MEAT", "В купа се слага кисело мляко, 100 мл. студена вода и едно яйце. Разбиват се добре с тел. Пилешките кълки се подсушават и слагат в тази смес. Оставят се за 20-30 минути.

В тава се слага брашно и всички подправки. Размесват се добре. тава се слага брашно и всички подправки. Размесват се добре.

Пилето след мариноване се изважда от киселото мляко и оставя на решетка да се отцеди за кратко.

След това се притиска в панировката от брашно и подправки и добре се овалва. Кълките се изтупват от излишното брашно. Оставят се на решетка за 20 минути.

За да стане по-хрупкаво пиле, след овалването в брашно, пилето се потапя в киселото мляко и отново се панира в брашното с подправки. След това се оставя на решетка за 20 минути.

В дълбока тенджера се загрява половин литър олио или фритюрник. След като температурата достигне 145С, пилето се слага да се пържи.

Пърженето е в продължение на 15-20 минути, като се следи да не се повиши темепратурата.

Изпърженото пиле се изважда и оставя за 5 минути на решетка преди да се поднесе.",

        "HARD",
        "Панирано пиле KFC", 4,
        "250 гр. брашно
        1 непълна с.л. сол - 12 гр.
        1/2 с.л. мащерка
        1/2 с.л. босилек
        1/3 с.л. риган
        1 с.л. целинова сол
        1 с.л. смлян черен пипер
        1 с.л. синапено семе - смляно
        3 с.л. червен пипер
        2 с.л. чеснова сол
        1 с.л. смлян джинджифил
        3 с.л. смлян бял пипер
        3 ч.ч. кисело мляко
        1 яйце
        12 бр пилешки кълки", 105, "https://www.youtube.com/watch?v=8hRddq9mxoA", 2);


INSERT INTO recipes_types(recipe_entity_id, types_id) values (6, 3);




INSERT INTO recipes(id, category, description, level, name, portions, products, time_needed, video_url, author_id)
VALUES (7, "VEGETARIAN", "Чушките се почистват от семето и нарязват на дребно кубчета.

В тиган се загрява олио и се слагат чушките, посоляват се и оставят на умерен огън да се пържат за 7-8 минути, докато добият златист загар.

Тогава се слага натрошено сирене и се оставя за две-три минути да се стопи.

Яйцата се разбиват леко в купа и слагат при чушките, пържат се за 3-4 минути, докато станат на златни конци.

При поднасяне се поръсват по желание с червен пипер.",

        "EASY",
        "Пържено - чушки с яйца и сирен", 4,
        "4 бр. бял пипер ( чушки )
        3 с.л. олио
        2-3 щипки сол
        50 гр. сирене
        5 яйца", 15, "https://www.youtube.com/watch?v=iAvvdEUyVCA", 2);


INSERT INTO recipes_types(recipe_entity_id, types_id) values (7, 3);




INSERT INTO recipes(id, category, description, level, name, portions, products, time_needed, video_url, author_id)
VALUES (8, "WITH_MEAT", "Каймата се слага в купа. Картофа се настъргва на едро ренде и слага при каймата. Посолява се, добавя се яйце, дребно нарязан лук.

Печените чушки се нарязват дребно и слагат в каймата, подправя се със джоджен и магданоз.

Хубаво се омесва и се оформят кюфтета.

Овалват се в брашно и пържат в горещо олио по 4-5 минути от всяка страна. Изваждат се и слагат на салфетка за кратко, след което се поднасят..",

        "MEDIUM",
        "Кюфтета по трънски", 10,
        "600 г кайма
        1 яйце
        1 средно голям картоф - 150 гр
        2 печени червени чушки
        1 глава кромид лук
        1 ч.л. сол
        смлян черен пипер
        1 ч.л. сушен магданоз
        1 ч.л. джоджен", 30, "https://www.youtube.com/watch?v=07XBY62tFe8", 2);


INSERT INTO recipes_types(recipe_entity_id, types_id) values (8, 3);


INSERT INTO recipes(id, category, description, level, name, portions, products, time_needed, video_url, author_id)
VALUES (9, "VEGETARIAN", "В тенджера се налива 1 литър вода и слага да заври. Слагат се макароните и се варят около 10 минути.

След като се сварят се отцеждат от водата.

В същата тенджера се слага масло да се стопи, слагат се макароните и разбъркват за около минута.

С вилица се натрошава сирене и слага при макароните.

Разбърква се одобре и сервира.",

        "EASY",
        "Макарони със сирене", 1,
        "1/2 ч.ч. макарони
        1 с.л. масло - 30 грама
        50 гр. сирене", 20, "https://www.youtube.com/watch?v=zUnzRx_t6Mk&t=2s", 3);


INSERT INTO recipes_types(recipe_entity_id, types_id) values (9, 1);

INSERT INTO recipes(id, category, description, level, name, portions, products, time_needed, video_url, author_id)
VALUES (10, "VEGETARIAN", "Първо се прави сос като всички продукти се пасират добре. Доматите се нарязват на тънки колелца, а салата айсберг на едри ивици.

Каймата се разделя на четири. Оформят се тънки бургери с размер - по голям от този на питката за хамбургер.

Питките за хамбургер се режат на две. Запичат се на горно печене или грил докато се зачервят на 210 С за 2-3 минути.

Бургерите се пекат по 4-5 минути от всяка страна в намазан с олио тиган. Половин минути преди бургера да се извади от тигана се покрива с резен сирене Ементал.

Основата и капака на всяка запечена питка се намазва със сос. Покрива със сирене Ементал.

Отгоре се слага изпечен бургер. Покрива се с домат и айсберг и слага капак.

Леко се притиска и поднася.",

        "MEDIUM",
        "Чийзбургер Classic", 4,
        "500 гр телешка кайма
        8 бр сирене Ементал
        4 питки за хамбургер
        1 малък домат
        4 листа салата айсберг
        ЗА СОС:
        200 гр. майонеза
        20 гр. зелена чушка
        2 с.л. кетчуп
        1/2 ч.л. пушен пипер
        1/2 ч.л. лимонов сок
        1/4 ч.л. кимион", 30, "https://www.youtube.com/watch?v=WRUa-RIEZZw", 3);


INSERT INTO recipes_types(recipe_entity_id, types_id) values (10, 1);


INSERT INTO recipes(id, category, description, level, name, portions, products, time_needed, video_url, author_id)
VALUES (11, "VEGETARIAN", "Маслото се разтопява и с него се намазват филиите хляб

Сиренето се смачква с вилица. се смачква с вилица.

Яйцето се разбива в купа и смесва със сиренето. Разбърква се добре.

С тази смес се намазват всички филии.

Слагат се да се пекат на горно печене на 200-210 градуса за 7-9 минути и се сервират.",

        "EASY",
        "Принцеси със сирене и яйца", 3,
        "6 филийки
        200 гр сирене
        1 яйце
        50 гр. масло", 20, "https://www.youtube.com/watch?v=ZeLzthEM7Ww", 3);


INSERT INTO recipes_types(recipe_entity_id, types_id) values (11, 1);



INSERT INTO recipes(id, category, description, level, name, portions, products, time_needed, video_url, author_id)
VALUES (12, "VEGETARIAN", "Киселото мляко се поръсва със сода. Разбърква се добре.

Брашното се посолява, към него се добавя киселото мляко и яйца.

Разбиват се за кратко с вилица омесва меко тесто.

Разточва се на тънка кора. Изрязват се триъгълници.

В средата на всеки се слага настърган кашкавал.

Затварят се краищата като се намазват с вода за да се залепят добре.

Кашкавалките се слагат в тиган със загрято олио.

Пържат по две,три минути като се обръщат за да се изпържат равномерно. Температурата на олиото не бива да надвишава 170С.",

        "EASY",
        "Кашкавалки", 10,
        "2 яйца
        200 г кисело мляко
        1 ч.л. сода
        1 ч.л. сол
        150 г кашкавал
        400 г брашно
        олио за пържене", 45, "https://www.youtube.com/watch?v=-t44EUm7OO0", 3);


INSERT INTO recipes_types(recipe_entity_id, types_id) values (12, 1);



INSERT INTO pictures(id, public_id, title, url, author_id, recipe_id) VALUES
                                                                          (1, "qxdwncydidkgbtbxxdge", "Torta-Rafaelo-IMG-9410.jpg", "http://res.cloudinary.com/dkcphgfnh/image/upload/v1699974385/qxdwncydidkgbtbxxdge.jpg", 1, 1),
                                                                          (2, "pvadaiduxqvpm3y1n8a0", "Бисквитена_торта", "https://res.cloudinary.com/dkcphgfnh/image/upload/pvadaiduxqvpm3y1n8a0", 1, 2),
                                                                          (3, "wjjozyngtkfmxvt4fqur", "batch_Бабин_кекс_с_бял_шоколад_IMG_2647.jfif", "https://res.cloudinary.com/dkcphgfnh/image/upload/wjjozyngtkfmxvt4fqur", 1, 3),
                                                                          (4, "onpgcoyyjhbmvtexgcs4", "IMG-7603.jpg", "https://res.cloudinary.com/dkcphgfnh/image/upload/onpgcoyyjhbmvtexgcs4", 1, 4),
                                                                          (5, "j0kgk3mzegvsotee8zlw", "IMG-5444.jpg", "https://res.cloudinary.com/dkcphgfnh/image/upload/j0kgk3mzegvsotee8zlw", 2, 5),
                                                                          (6, "synv0nyrn7vvprzom54c", "KFC_Пържено_пиле_IMG_1160.jpg", "https://res.cloudinary.com/dkcphgfnh/image/upload/synv0nyrn7vvprzom54c", 2, 6),
                                                                          (7, "kxvhmpcjjenrnaq6pt06", "batch_Пържено_IMG_3948.jfif", "https://res.cloudinary.com/dkcphgfnh/image/upload/kxvhmpcjjenrnaq6pt06", 2, 7),
                                                                          (8, "qxqcae5zaeaar06b7vqe", "IMG-7087.jpg", "http://res.cloudinary.com/dkcphgfnh/image/upload/v1700004104/qxqcae5zaeaar06b7vqe.jpg", 2, 8),
                                                                          (9, "dbxjhq81dpe7tkixqumv", "batch_IMG_0449.jpg", "https://res.cloudinary.com/dkcphgfnh/image/upload/dbxjhq81dpe7tkixqumv", 3, 9),
                                                                          (10, "fxh2ad24cxfsyaq91xku", "batch_!Чийзбургер_P1018383.jfif", "http://res.cloudinary.com/dkcphgfnh/image/upload/v1699974406/fxh2ad24cxfsyaq91xku.jpg", 3, 10),
                                                                          (11, "igri73uzba0sq0oztt3h", "batch_IMG_0551_00_08_38_04_Still008.jpg", "https://res.cloudinary.com/dkcphgfnh/image/upload/igri73uzba0sq0oztt3h", 3, 11),
                                                                          (12, "h5cls1iyjw729rfouzgy", "Кашкавалки_IMG_9354.jpg", "https://res.cloudinary.com/dkcphgfnh/image/upload/v1701221316/h5cls1iyjw729rfouzgy.jpg", 3, 12);









































